mbr_id,sid,bgn_dt,stg_cd,thma_nm,step_nm,stg_nm,dtl_cn,try_no,lrn_prgs_sts_cd
MPID0225100025733,mathpd29617674374427801,2021-08-22,E17_0_1,곱셈,곱셈구구,2의 단 곱셈구구,곱하기 2,1,LPSC02
MPID0420140036805,mathpd31700971195379325,2021-09-15,E17_0_1,곱셈,곱셈구구,2의 단 곱셈구구,곱하기 2,1,LPSC03
MPID0129050016615,mathpd28488741750880018,2021-08-09,E17_0_1,곱셈,곱셈구구,2의 단 곱셈구구,곱하기 2,1,LPSC03
MPID0204130019760,mathpd28470027567329160,2021-08-09,E17_0_1,곱셈,곱셈구구,2의 단 곱셈구구,곱하기 2,1,LPSC03
MPID0729130048717,mathpd31615604139158913,2021-09-14,E17_0_1,곱셈,곱셈구구,2의 단 곱셈구구,곱하기 2,1,LPSC04
MPID0203100018443,mathpd30020372363679454,2021-08-27,E17_0_1,곱셈,곱셈구구,2의 단 곱셈구구,곱하기 2,1,LPSC03
MPID0120060009320,mathpd28306138243701551,2021-08-07,E17_0_1,곱셈,곱셈구구,2의 단 곱셈구구,곱하기 2,1,LPSC03
MPID0330100032185,mathpd27363819538306060,2021-07-27,E17_0_1,곱셈,곱셈구구,2의 단 곱셈구구,곱하기 2,2,LPSC04
MPID0120060009320,mathpd28564272725429013,2021-08-10,E17_0_1,곱셈,곱셈구구,2의 단 곱셈구구,곱하기 2,1,LPSC04
MPID0319100030328,mathpd27558589458185140,2021-07-29,E17_0_1,곱셈,곱셈구구,2의 단 곱셈구구,곱하기 2,1,LPSC02
MPID0319100030328,mathpd27558697847043670,2021-07-29,E17_0_1,곱셈,곱셈구구,2의 단 곱셈구구,곱하기 2,2,LPSC03
MPID0319100030328,mathpd27558780785273101,2021-07-29,E17_0_1,곱셈,곱셈구구,2의 단 곱셈구구,곱하기 2,3,LPSC03
MPID0330100033689,mathpd29256477125158669,2021-08-18,E17_0_1,곱셈,곱셈구구,2의 단 곱셈구구,곱하기 2,1,LPSC03
MPID0727100048264,mathpd27530782850090511,2021-07-29,E17_0_1,곱셈,곱셈구구,2의 단 곱셈구구,곱하기 2,1,LPSC03
MPID0129050016615,mathpd27886252400554358,2021-08-02,E17_0_1,곱셈,곱셈구구,2의 단 곱셈구구,곱하기 2,1,LPSC02
MPID0129050016615,mathpd27886354653800961,2021-08-02,E17_0_1,곱셈,곱셈구구,2의 단 곱셈구구,곱하기 2,2,LPSC04
MPID0729130050003,mathpd29369843667168625,2021-08-19,E17_0_1,곱셈,곱셈구구,2의 단 곱셈구구,곱하기 2,1,LPSC02
MPID0713100047089,mathpd34217384562522716,2021-10-14,E17_0_1,곱셈,곱셈구구,2의 단 곱셈구구,곱하기 2,1,LPSC04
MPID0420140036805,mathpd32009591496098421,2021-09-19,E17_0_1,곱셈,곱셈구구,2의 단 곱셈구구,곱하기 2,4,LPSC03
MPID0629110045635,mathpd28677607664649677,2021-08-11,E17_0_1,곱셈,곱셈구구,2의 단 곱셈구구,곱하기 2,1,LPSC04
MPID0120060011395,mathpd26779761145565745,2021-07-20,E17_0_1,곱셈,곱셈구구,2의 단 곱셈구구,곱하기 2,2,LPSC04
MPID0126030014090,mathpd29266031857093696,2021-08-18,E17_0_1,곱셈,곱셈구구,2의 단 곱셈구구,곱하기 2,1,LPSC03
MPID0120060011959,mathpd26776218148362639,2021-07-20,E17_0_1,곱셈,곱셈구구,2의 단 곱셈구구,곱하기 2,1,LPSC03
MPID0406110033988,mathpd26776498872358484,2021-07-20,E17_0_1,곱셈,곱셈구구,2의 단 곱셈구구,곱하기 2,2,LPSC04
MPID0420140036945,mathpd29186115577453776,2021-08-17,E17_0_1,곱셈,곱셈구구,2의 단 곱셈구구,곱하기 2,3,LPSC03
MPID0330100033152,mathpd27641412811287004,2021-07-30,E17_0_1,곱셈,곱셈구구,2의 단 곱셈구구,곱하기 2,1,LPSC03
MPID0629110045551,mathpd29208301036179059,2021-08-17,E17_0_1,곱셈,곱셈구구,2의 단 곱셈구구,곱하기 2,1,LPSC03
MPID0129050016470,mathpd31947207710044956,2021-09-18,E17_0_1,곱셈,곱셈구구,2의 단 곱셈구구,곱하기 2,4,LPSC03
MPID0129050016470,mathpd31947416362365182,2021-09-18,E17_0_1,곱셈,곱셈구구,2의 단 곱셈구구,곱하기 2,5,LPSC04
MPID0222100025417,mathpd28751395632642697,2021-08-12,E17_0_1,곱셈,곱셈구구,2의 단 곱셈구구,곱하기 2,1,LPSC04
MPID0902170062271,mathpd32928403937118106,2021-09-30,E17_0_1,곱셈,곱셈구구,2의 단 곱셈구구,곱하기 2,7,LPSC03
MPID0406110034324,mathpd30580089547799080,2021-09-02,E17_0_1,곱셈,곱셈구구,2의 단 곱셈구구,곱하기 2,1,LPSC04
MPID0126020013529,mathpd29080292001237327,2021-08-16,E17_0_1,곱셈,곱셈구구,2의 단 곱셈구구,곱하기 2,1,LPSC03
MPID0629110045635,mathpd28209315086169184,2021-08-06,E17_0_1,곱셈,곱셈구구,2의 단 곱셈구구,곱하기 2,1,LPSC04
MPID0120050010343,mathpd27300675725052443,2021-07-26,E17_0_1,곱셈,곱셈구구,2의 단 곱셈구구,곱하기 2,1,LPSC03
MPID0120050010343,mathpd27300776485470838,2021-07-26,E17_0_1,곱셈,곱셈구구,2의 단 곱셈구구,곱하기 2,2,LPSC04
MPID0729130050003,mathpd31000568851855533,2021-09-07,E17_0_1,곱셈,곱셈구구,2의 단 곱셈구구,곱하기 2,1,LPSC03
MPID0119040005879,mathpd31181991580090299,2021-09-09,E17_0_1,곱셈,곱셈구구,2의 단 곱셈구구,곱하기 2,1,LPSC02
MPID0319100032029,mathpd29685376710416258,2021-08-23,E17_0_1,곱셈,곱셈구구,2의 단 곱셈구구,곱하기 2,1,LPSC02
MPID0120060009320,mathpd28306269920398604,2021-08-07,E17_0_2,곱셈,곱셈구구,5의 단 곱셈구구,곱하기 5,1,LPSC03
MPID0406110034324,mathpd30917154807944689,2021-09-06,E17_0_2,곱셈,곱셈구구,5의 단 곱셈구구,곱하기 5,2,LPSC03
MPID0420140036945,mathpd29252654549863823,2021-08-18,E17_0_2,곱셈,곱셈구구,5의 단 곱셈구구,곱하기 5,2,LPSC03
MPID0319100032029,mathpd29709139726218589,2021-08-23,E17_0_2,곱셈,곱셈구구,5의 단 곱셈구구,곱하기 5,1,LPSC03
MPID0203100018443,mathpd30020567171458558,2021-08-27,E17_0_2,곱셈,곱셈구구,5의 단 곱셈구구,곱하기 5,1,LPSC03
MPID0119040005879,mathpd31262412366327598,2021-09-10,E17_0_2,곱셈,곱셈구구,5의 단 곱셈구구,곱하기 5,1,LPSC03
MPID0420140036945,mathpd29252580208775895,2021-08-18,E17_0_2,곱셈,곱셈구구,5의 단 곱셈구구,곱하기 5,1,LPSC03
MPID0120060009320,mathpd28564326232330568,2021-08-10,E17_0_2,곱셈,곱셈구구,5의 단 곱셈구구,곱하기 5,1,LPSC04
MPID0330100032185,mathpd27371797864067089,2021-07-27,E17_0_2,곱셈,곱셈구구,5의 단 곱셈구구,곱하기 5,1,LPSC03
MPID0120050010343,mathpd27391152305575685,2021-07-27,E17_0_2,곱셈,곱셈구구,5의 단 곱셈구구,곱하기 5,1,LPSC04
MPID0629110045635,mathpd27948260172798033,2021-08-03,E17_0_2,곱셈,곱셈구구,5의 단 곱셈구구,곱하기 5,1,LPSC03
MPID0629110045635,mathpd27948404121530473,2021-08-03,E17_0_2,곱셈,곱셈구구,5의 단 곱셈구구,곱하기 5,2,LPSC04
MPID0204130019760,mathpd28578116052258370,2021-08-10,E17_0_2,곱셈,곱셈구구,5의 단 곱셈구구,곱하기 5,1,LPSC04
MPID0126030014090,mathpd29266122327642086,2021-08-18,E17_0_2,곱셈,곱셈구구,5의 단 곱셈구구,곱하기 5,1,LPSC03
MPID0204130020792,mathpd29262125766700234,2021-08-18,E17_0_2,곱셈,곱셈구구,5의 단 곱셈구구,곱하기 5,1,LPSC03
MPID0319100030328,mathpd27559095917519730,2021-07-29,E17_0_2,곱셈,곱셈구구,5의 단 곱셈구구,곱하기 5,1,LPSC04
MPID0330100033689,mathpd29363794082581121,2021-08-19,E17_0_2,곱셈,곱셈구구,5의 단 곱셈구구,곱하기 5,1,LPSC03
MPID0729130050003,mathpd29369926240913378,2021-08-19,E17_0_2,곱셈,곱셈구구,5의 단 곱셈구구,곱하기 5,1,LPSC03
MPID0129050016615,mathpd28569123240880149,2021-08-10,E17_0_2,곱셈,곱셈구구,5의 단 곱셈구구,곱하기 5,1,LPSC03
MPID0406110033988,mathpd26776644911085707,2021-07-20,E17_0_2,곱셈,곱셈구구,5의 단 곱셈구구,곱하기 5,3,LPSC03
MPID0406110033988,mathpd26776761105186909,2021-07-20,E17_0_2,곱셈,곱셈구구,5의 단 곱셈구구,곱하기 5,5,LPSC03
MPID0120060011395,mathpd26779884994218467,2021-07-20,E17_0_2,곱셈,곱셈구구,5의 단 곱셈구구,곱하기 5,2,LPSC04
MPID0120060011959,mathpd26776539861231654,2021-07-20,E17_0_2,곱셈,곱셈구구,5의 단 곱셈구구,곱하기 5,1,LPSC04
MPID0629110045635,mathpd28847793928241527,2021-08-13,E17_0_2,곱셈,곱셈구구,5의 단 곱셈구구,곱하기 5,2,LPSC04
MPID0727100048264,mathpd27627469551236860,2021-07-30,E17_0_2,곱셈,곱셈구구,5의 단 곱셈구구,곱하기 5,1,LPSC04
MPID0126020013529,mathpd29080555538837345,2021-08-16,E17_0_2,곱셈,곱셈구구,5의 단 곱셈구구,곱하기 5,1,LPSC03
MPID0330100033689,mathpd29363851275255772,2021-08-19,E17_0_2,곱셈,곱셈구구,5의 단 곱셈구구,곱하기 5,2,LPSC04
MPID0330100033152,mathpd27641523111753492,2021-07-30,E17_0_2,곱셈,곱셈구구,5의 단 곱셈구구,곱하기 5,1,LPSC02
MPID0629110045551,mathpd29208391503856529,2021-08-17,E17_0_2,곱셈,곱셈구구,5의 단 곱셈구구,곱하기 5,1,LPSC04
MPID0129050016470,mathpd31947504790450378,2021-09-18,E17_0_2,곱셈,곱셈구구,5의 단 곱셈구구,곱하기 5,1,LPSC04
MPID0222100025417,mathpd28751472156808379,2021-08-12,E17_0_2,곱셈,곱셈구구,5의 단 곱셈구구,곱하기 5,1,LPSC04
MPID0225100025733,mathpd29617763998813116,2021-08-22,E17_0_2,곱셈,곱셈구구,5의 단 곱셈구구,곱하기 5,1,LPSC03
MPID0713100047089,mathpd33834699172941426,2021-10-10,E17_0_2,곱셈,곱셈구구,5의 단 곱셈구구,곱하기 5,2,LPSC03
MPID0902170062271,mathpd32951123056691537,2021-09-30,E17_0_2,곱셈,곱셈구구,5의 단 곱셈구구,곱하기 5,2,LPSC03
MPID0713100047089,mathpd33834893029940763,2021-10-10,E17_0_2,곱셈,곱셈구구,5의 단 곱셈구구,곱하기 5,3,LPSC03
MPID0729130050003,mathpd31000421096527026,2021-09-07,E17_0_2,곱셈,곱셈구구,5의 단 곱셈구구,곱하기 5,1,LPSC04
MPID0420140036805,mathpd31701133721278269,2021-09-15,E17_0_2,곱셈,곱셈구구,5의 단 곱셈구구,곱하기 5,1,LPSC03
MPID0406110033988,mathpd27043186496654262,2021-07-23,E18_0_1,곱셈,곱셈구구,3의 단 곱셈구구,곱하기 3,1,LPSC02
MPID0629110045635,mathpd28509091696116215,2021-08-09,E18_0_1,곱셈,곱셈구구,3의 단 곱셈구구,곱하기 3,1,LPSC04
MPID0120060009320,mathpd28306377843670769,2021-08-07,E18_0_1,곱셈,곱셈구구,3의 단 곱셈구구,곱하기 3,1,LPSC04
MPID0204130020792,mathpd29263123067791028,2021-08-18,E18_0_1,곱셈,곱셈구구,3의 단 곱셈구구,곱하기 3,2,LPSC04
MPID0330100032185,mathpd27371505531641464,2021-07-27,E18_0_1,곱셈,곱셈구구,3의 단 곱셈구구,곱하기 3,1,LPSC04
MPID0120050010343,mathpd27391223770556017,2021-07-27,E18_0_1,곱셈,곱셈구구,3의 단 곱셈구구,곱하기 3,1,LPSC03
MPID0120060009320,mathpd28564373984076865,2021-08-10,E18_0_1,곱셈,곱셈구구,3의 단 곱셈구구,곱하기 3,1,LPSC04
MPID0406110034324,mathpd30925101112440759,2021-09-06,E18_0_1,곱셈,곱셈구구,3의 단 곱셈구구,곱하기 3,1,LPSC03
MPID0319100030328,mathpd27559627397945945,2021-07-29,E18_0_1,곱셈,곱셈구구,3의 단 곱셈구구,곱하기 3,4,LPSC03
MPID0204130020792,mathpd29262210977187921,2021-08-18,E18_0_1,곱셈,곱셈구구,3의 단 곱셈구구,곱하기 3,1,LPSC04
MPID0126030014090,mathpd29266200199702256,2021-08-18,E18_0_1,곱셈,곱셈구구,3의 단 곱셈구구,곱하기 3,1,LPSC04
MPID0319100030328,mathpd27559228519166184,2021-07-29,E18_0_1,곱셈,곱셈구구,3의 단 곱셈구구,곱하기 3,1,LPSC02
MPID0319100030328,mathpd27559291293731091,2021-07-29,E18_0_1,곱셈,곱셈구구,3의 단 곱셈구구,곱하기 3,2,LPSC03
MPID0319100030328,mathpd27559367939208339,2021-07-29,E18_0_1,곱셈,곱셈구구,3의 단 곱셈구구,곱하기 3,3,LPSC03
MPID0729130050003,mathpd29370012580362442,2021-08-19,E18_0_1,곱셈,곱셈구구,3의 단 곱셈구구,곱하기 3,1,LPSC04
MPID0727100048264,mathpd27530932449443311,2021-07-29,E18_0_1,곱셈,곱셈구구,3의 단 곱셈구구,곱하기 3,1,LPSC03
MPID0727100048264,mathpd27531077062572894,2021-07-29,E18_0_1,곱셈,곱셈구구,3의 단 곱셈구구,곱하기 3,2,LPSC03
MPID0129050016470,mathpd31953413935820770,2021-09-18,E18_0_1,곱셈,곱셈구구,3의 단 곱셈구구,곱하기 3,1,LPSC04
MPID0319100030328,mathpd31931537749747078,2021-09-18,E18_0_1,곱셈,곱셈구구,3의 단 곱셈구구,곱하기 3,5,LPSC03
MPID0119040005879,mathpd31519816824610164,2021-09-13,E18_0_1,곱셈,곱셈구구,3의 단 곱셈구구,곱하기 3,1,LPSC03
MPID0420140036945,mathpd29440969797545312,2021-08-20,E18_0_1,곱셈,곱셈구구,3의 단 곱셈구구,곱하기 3,1,LPSC03
MPID0120050010343,mathpd27621550965446183,2021-07-30,E18_0_1,곱셈,곱셈구구,3의 단 곱셈구구,곱하기 3,2,LPSC03
MPID0330100033689,mathpd29436863853882930,2021-08-20,E18_0_1,곱셈,곱셈구구,3의 단 곱셈구구,곱하기 3,1,LPSC03
MPID0727100048264,mathpd27627010257443943,2021-07-30,E18_0_1,곱셈,곱셈구구,3의 단 곱셈구구,곱하기 3,3,LPSC03
MPID0629110045635,mathpd28903541452295478,2021-08-14,E18_0_1,곱셈,곱셈구구,3의 단 곱셈구구,곱하기 3,1,LPSC04
MPID0330100033152,mathpd27641623469322414,2021-07-30,E18_0_1,곱셈,곱셈구구,3의 단 곱셈구구,곱하기 3,1,LPSC04
MPID0629110045551,mathpd29208449667127528,2021-08-17,E18_0_1,곱셈,곱셈구구,3의 단 곱셈구구,곱하기 3,1,LPSC04
MPID0222100025417,mathpd28751536030009336,2021-08-12,E18_0_1,곱셈,곱셈구구,3의 단 곱셈구구,곱하기 3,1,LPSC04
MPID0120060011395,mathpd26780075360082651,2021-07-20,E18_0_1,곱셈,곱셈구구,3의 단 곱셈구구,곱하기 3,2,LPSC03
MPID0203100018443,mathpd30293380676439494,2021-08-30,E18_0_1,곱셈,곱셈구구,3의 단 곱셈구구,곱하기 3,1,LPSC03
MPID0126020013529,mathpd29081349733872458,2021-08-16,E18_0_1,곱셈,곱셈구구,3의 단 곱셈구구,곱하기 3,1,LPSC03
MPID0225100025733,mathpd29617848009696878,2021-08-22,E18_0_1,곱셈,곱셈구구,3의 단 곱셈구구,곱하기 3,1,LPSC04
MPID0902170062271,mathpd32951316421690104,2021-09-30,E18_0_1,곱셈,곱셈구구,3의 단 곱셈구구,곱하기 3,1,LPSC04
MPID0420140036805,mathpd31701323023978527,2021-09-15,E18_0_1,곱셈,곱셈구구,3의 단 곱셈구구,곱하기 3,1,LPSC02
MPID0319100032029,mathpd29710513707521629,2021-08-23,E18_0_1,곱셈,곱셈구구,3의 단 곱셈구구,곱하기 3,1,LPSC04
MPID0129050016615,mathpd28569199034292308,2021-08-10,E18_0_1,곱셈,곱셈구구,3의 단 곱셈구구,곱하기 3,1,LPSC04
MPID0120060011959,mathpd26776625052187422,2021-07-20,E18_0_1,곱셈,곱셈구구,3의 단 곱셈구구,곱하기 3,1,LPSC04
MPID0204130019760,mathpd28768294973664549,2021-08-12,E18_0_1,곱셈,곱셈구구,3의 단 곱셈구구,곱하기 3,1,LPSC03
MPID0204130020792,mathpd29264429993337880,2021-08-18,E18_0_1,곱셈,곱셈구구,3의 단 곱셈구구,곱하기 3,3,LPSC04
MPID0330100033689,mathpd29708845352301173,2021-08-23,E18_0_2,곱셈,곱셈구구,4의 단 곱셈구구,곱하기 4,1,LPSC03
MPID0406110034324,mathpd31089478188151388,2021-09-08,E18_0_2,곱셈,곱셈구구,4의 단 곱셈구구,곱하기 4,1,LPSC03
MPID0406110033988,mathpd27043449540563737,2021-07-23,E18_0_2,곱셈,곱셈구구,4의 단 곱셈구구,곱하기 4,2,LPSC02
MPID0120060009320,mathpd28306458390578827,2021-08-07,E18_0_2,곱셈,곱셈구구,4의 단 곱셈구구,곱하기 4,1,LPSC04
MPID0119040005879,mathpd31601082167623372,2021-09-14,E18_0_2,곱셈,곱셈구구,4의 단 곱셈구구,곱하기 4,1,LPSC04
MPID0120060011959,mathpd26863821527150938,2021-07-21,E18_0_2,곱셈,곱셈구구,4의 단 곱셈구구,곱하기 4,1,LPSC03
MPID0420140036945,mathpd30914337581526444,2021-09-06,E18_0_2,곱셈,곱셈구구,4의 단 곱셈구구,곱하기 4,2,LPSC02
MPID0629110045635,mathpd28585977117345530,2021-08-10,E18_0_2,곱셈,곱셈구구,4의 단 곱셈구구,곱하기 4,2,LPSC03
MPID0204130020792,mathpd29264328913446906,2021-08-18,E18_0_2,곱셈,곱셈구구,4의 단 곱셈구구,곱하기 4,3,LPSC04
MPID0120060009320,mathpd28564447952732228,2021-08-10,E18_0_2,곱셈,곱셈구구,4의 단 곱셈구구,곱하기 4,1,LPSC04
MPID0319100030328,mathpd27559871344416975,2021-07-29,E18_0_2,곱셈,곱셈구구,4의 단 곱셈구구,곱하기 4,1,LPSC04
MPID0204130020792,mathpd29262271352500339,2021-08-18,E18_0_2,곱셈,곱셈구구,4의 단 곱셈구구,곱하기 4,1,LPSC03
MPID0729130050003,mathpd29370063316316365,2021-08-19,E18_0_2,곱셈,곱셈구구,4의 단 곱셈구구,곱하기 4,1,LPSC04
MPID0629110045635,mathpd27892537977041035,2021-08-02,E18_0_2,곱셈,곱셈구구,4의 단 곱셈구구,곱하기 4,1,LPSC03
MPID0129050016615,mathpd28569260647191775,2021-08-10,E18_0_2,곱셈,곱셈구구,4의 단 곱셈구구,곱하기 4,1,LPSC04
MPID0129050016470,mathpd31966947349007458,2021-09-18,E18_0_2,곱셈,곱셈구구,4의 단 곱셈구구,곱하기 4,1,LPSC03
MPID0629110045551,mathpd29208507672964906,2021-08-17,E18_0_2,곱셈,곱셈구구,4의 단 곱셈구구,곱하기 4,1,LPSC04
MPID0420140036805,mathpd31789803775211970,2021-09-16,E18_0_2,곱셈,곱셈구구,4의 단 곱셈구구,곱하기 4,2,LPSC02
MPID0120050010343,mathpd27621395116504300,2021-07-30,E18_0_2,곱셈,곱셈구구,4의 단 곱셈구구,곱하기 4,1,LPSC04
MPID0120060011395,mathpd26781608593797743,2021-07-20,E18_0_2,곱셈,곱셈구구,4의 단 곱셈구구,곱하기 4,2,LPSC04
MPID0629110045635,mathpd28847906851860750,2021-08-13,E18_0_2,곱셈,곱셈구구,4의 단 곱셈구구,곱하기 4,3,LPSC03
MPID0319100032029,mathpd30319257412630577,2021-08-30,E18_0_2,곱셈,곱셈구구,4의 단 곱셈구구,곱하기 4,1,LPSC03
MPID0629110045635,mathpd28903663186955764,2021-08-14,E18_0_2,곱셈,곱셈구구,4의 단 곱셈구구,곱하기 4,2,LPSC03
MPID0330100033152,mathpd27641746682810233,2021-07-30,E18_0_2,곱셈,곱셈구구,4의 단 곱셈구구,곱하기 4,3,LPSC04
MPID0222100025417,mathpd28751603602226693,2021-08-12,E18_0_2,곱셈,곱셈구구,4의 단 곱셈구구,곱하기 4,1,LPSC04
MPID0204130019760,mathpd28768370236759085,2021-08-12,E18_0_2,곱셈,곱셈구구,4의 단 곱셈구구,곱하기 4,1,LPSC04
MPID0203100018443,mathpd30293556089904245,2021-08-30,E18_0_2,곱셈,곱셈구구,4의 단 곱셈구구,곱하기 4,1,LPSC03
MPID0225100025733,mathpd29617912173024733,2021-08-22,E18_0_2,곱셈,곱셈구구,4의 단 곱셈구구,곱하기 4,1,LPSC03
MPID0902170062271,mathpd32951757190562668,2021-09-30,E18_0_2,곱셈,곱셈구구,4의 단 곱셈구구,곱하기 4,1,LPSC03
MPID0330100032185,mathpd27371616860727069,2021-07-27,E18_0_2,곱셈,곱셈구구,4의 단 곱셈구구,곱하기 4,1,LPSC04
MPID0126030014090,mathpd29266274178883034,2021-08-18,E18_0_2,곱셈,곱셈구구,4의 단 곱셈구구,곱하기 4,1,LPSC04
MPID0204130020792,mathpd29263234871561812,2021-08-18,E18_0_2,곱셈,곱셈구구,4의 단 곱셈구구,곱하기 4,2,LPSC04
MPID0727100048264,mathpd27627366401845263,2021-07-30,E18_0_2,곱셈,곱셈구구,4의 단 곱셈구구,곱하기 4,1,LPSC04
MPID0126020013529,mathpd29081440660553699,2021-08-16,E18_0_2,곱셈,곱셈구구,4의 단 곱셈구구,곱하기 4,1,LPSC04
MPID0225100025733,mathpd29678713212106150,2021-08-23,E19_0_1,곱셈,곱셈구구,6의 단 곱셈구구,곱하기 6,1,LPSC02
MPID0406110034324,mathpd31089684738774046,2021-09-08,E19_0_1,곱셈,곱셈구구,6의 단 곱셈구구,곱하기 6,1,LPSC04
MPID0120060009320,mathpd28306553577191086,2021-08-07,E19_0_1,곱셈,곱셈구구,6의 단 곱셈구구,곱하기 6,1,LPSC03
MPID0120060011959,mathpd26863898534042172,2021-07-21,E19_0_1,곱셈,곱셈구구,6의 단 곱셈구구,곱하기 6,1,LPSC04
MPID0902170062271,mathpd33037454775031129,2021-10-01,E19_0_1,곱셈,곱셈구구,6의 단 곱셈구구,곱하기 6,2,LPSC02
MPID0330100032185,mathpd27371929540911805,2021-07-27,E19_0_1,곱셈,곱셈구구,6의 단 곱셈구구,곱하기 6,1,LPSC04
MPID0120060009320,mathpd28564516512541020,2021-08-10,E19_0_1,곱셈,곱셈구구,6의 단 곱셈구구,곱하기 6,1,LPSC04
MPID0319100030328,mathpd27603068676149005,2021-07-30,E19_0_1,곱셈,곱셈구구,6의 단 곱셈구구,곱하기 6,1,LPSC04
MPID0629110045635,mathpd28677805982787202,2021-08-11,E19_0_1,곱셈,곱셈구구,6의 단 곱셈구구,곱하기 6,2,LPSC04
MPID0126030014090,mathpd29266331727587982,2021-08-18,E19_0_1,곱셈,곱셈구구,6의 단 곱셈구구,곱하기 6,1,LPSC04
MPID0204130020792,mathpd29262391726285507,2021-08-18,E19_0_1,곱셈,곱셈구구,6의 단 곱셈구구,곱하기 6,1,LPSC04
MPID0729130050003,mathpd29370119249759242,2021-08-19,E19_0_1,곱셈,곱셈구구,6의 단 곱셈구구,곱하기 6,1,LPSC04
MPID0129050016615,mathpd28569360817283999,2021-08-10,E19_0_1,곱셈,곱셈구구,6의 단 곱셈구구,곱하기 6,1,LPSC04
MPID0126020013529,mathpd29159823206235328,2021-08-17,E19_0_1,곱셈,곱셈구구,6의 단 곱셈구구,곱하기 6,1,LPSC03
MPID0129050016470,mathpd31967144739110194,2021-09-18,E19_0_1,곱셈,곱셈구구,6의 단 곱셈구구,곱하기 6,1,LPSC03
MPID0420140036945,mathpd32012096492747706,2021-09-19,E19_0_1,곱셈,곱셈구구,6의 단 곱셈구구,곱하기 6,1,LPSC03
MPID0629110045551,mathpd29208582380479294,2021-08-17,E19_0_1,곱셈,곱셈구구,6의 단 곱셈구구,곱하기 6,1,LPSC04
MPID0120060011395,mathpd26817204229460215,2021-07-21,E19_0_1,곱셈,곱셈구구,6의 단 곱셈구구,곱하기 6,1,LPSC04
MPID0420140036805,mathpd31790168670839206,2021-09-16,E19_0_1,곱셈,곱셈구구,6의 단 곱셈구구,곱하기 6,1,LPSC04
MPID0204130020792,mathpd29263296159398153,2021-08-18,E19_0_1,곱셈,곱셈구구,6의 단 곱셈구구,곱하기 6,2,LPSC04
MPID0120050010343,mathpd27621476703356611,2021-07-30,E19_0_1,곱셈,곱셈구구,6의 단 곱셈구구,곱하기 6,1,LPSC04
MPID0713100047089,mathpd26948712565571997,2021-07-22,E19_0_1,곱셈,곱셈구구,6의 단 곱셈구구,곱하기 6,1,LPSC03
MPID0713100047089,mathpd26948811101739863,2021-07-22,E19_0_1,곱셈,곱셈구구,6의 단 곱셈구구,곱하기 6,2,LPSC03
MPID0729130048717,mathpd28140106658615818,2021-08-05,E19_0_1,곱셈,곱셈구구,6의 단 곱셈구구,곱하기 6,2,LPSC02
MPID0629110045635,mathpd28124901055202511,2021-08-05,E19_0_1,곱셈,곱셈구구,6의 단 곱셈구구,곱하기 6,1,LPSC03
MPID0727100048264,mathpd27627574481963893,2021-07-30,E19_0_1,곱셈,곱셈구구,6의 단 곱셈구구,곱하기 6,2,LPSC03
MPID0203100018443,mathpd30381445645291481,2021-08-31,E19_0_1,곱셈,곱셈구구,6의 단 곱셈구구,곱하기 6,2,LPSC03
MPID0222100025417,mathpd28751688731397586,2021-08-12,E19_0_1,곱셈,곱셈구구,6의 단 곱셈구구,곱하기 6,1,LPSC04
MPID0330100033152,mathpd27641976401795394,2021-07-30,E19_0_1,곱셈,곱셈구구,6의 단 곱셈구구,곱하기 6,2,LPSC04
MPID0629110045635,mathpd28903782933114396,2021-08-14,E19_0_1,곱셈,곱셈구구,6의 단 곱셈구구,곱하기 6,1,LPSC03
MPID0629110045635,mathpd28903873200658436,2021-08-14,E19_0_1,곱셈,곱셈구구,6의 단 곱셈구구,곱하기 6,2,LPSC04
MPID0119040005879,mathpd31689820623690282,2021-09-15,E19_0_1,곱셈,곱셈구구,6의 단 곱셈구구,곱하기 6,4,LPSC04
MPID0204130019760,mathpd29015136736396649,2021-08-15,E19_0_1,곱셈,곱셈구구,6의 단 곱셈구구,곱하기 6,1,LPSC02
MPID0330100033689,mathpd29794755570476029,2021-08-24,E19_0_1,곱셈,곱셈구구,6의 단 곱셈구구,곱하기 6,1,LPSC03
MPID0319100032029,mathpd30377051968259460,2021-08-31,E19_0_1,곱셈,곱셈구구,6의 단 곱셈구구,곱하기 6,1,LPSC03
MPID0406110033988,mathpd27043585591654262,2021-07-23,E19_0_1,곱셈,곱셈구구,6의 단 곱셈구구,곱하기 6,1,LPSC02
MPID0225100025733,mathpd29678773952357482,2021-08-23,E19_0_2,곱셈,곱셈구구,7의 단 곱셈구구,곱하기 7,1,LPSC03
MPID0420140036805,mathpd31790414498997401,2021-09-16,E19_0_2,곱셈,곱셈구구,7의 단 곱셈구구,곱하기 7,2,LPSC03
MPID0120060009320,mathpd28306661365147556,2021-08-07,E19_0_2,곱셈,곱셈구구,7의 단 곱셈구구,곱하기 7,1,LPSC04
MPID0120060011959,mathpd26863960196451795,2021-07-21,E19_0_2,곱셈,곱셈구구,7의 단 곱셈구구,곱하기 7,1,LPSC04
MPID0406110033988,mathpd27043678474117791,2021-07-23,E19_0_2,곱셈,곱셈구구,7의 단 곱셈구구,곱하기 7,1,LPSC02
MPID0902170062271,mathpd33037662083692843,2021-10-01,E19_0_2,곱셈,곱셈구구,7의 단 곱셈구구,곱하기 7,1,LPSC03
MPID0330100032185,mathpd27372107593966559,2021-07-27,E19_0_2,곱셈,곱셈구구,7의 단 곱셈구구,곱하기 7,1,LPSC04
MPID0629110045635,mathpd29280503803410720,2021-08-18,E19_0_2,곱셈,곱셈구구,7의 단 곱셈구구,곱하기 7,1,LPSC02
MPID0204130020792,mathpd29263898392261840,2021-08-18,E19_0_2,곱셈,곱셈구구,7의 단 곱셈구구,곱하기 7,4,LPSC04
MPID0204130020792,mathpd29263989024469093,2021-08-18,E19_0_2,곱셈,곱셈구구,7의 단 곱셈구구,곱하기 7,5,LPSC04
MPID0204130020792,mathpd29264072805652376,2021-08-18,E19_0_2,곱셈,곱셈구구,7의 단 곱셈구구,곱하기 7,6,LPSC04
MPID0120060009320,mathpd28564566315895673,2021-08-10,E19_0_2,곱셈,곱셈구구,7의 단 곱셈구구,곱하기 7,1,LPSC04
MPID0319100030328,mathpd27603160116337777,2021-07-30,E19_0_2,곱셈,곱셈구구,7의 단 곱셈구구,곱하기 7,1,LPSC03
MPID0119040005879,mathpd31797799514146334,2021-09-16,E19_0_2,곱셈,곱셈구구,7의 단 곱셈구구,곱하기 7,1,LPSC03
MPID0126030014090,mathpd29266395714817674,2021-08-18,E19_0_2,곱셈,곱셈구구,7의 단 곱셈구구,곱하기 7,1,LPSC03
MPID0126030014090,mathpd29266453811108789,2021-08-18,E19_0_2,곱셈,곱셈구구,7의 단 곱셈구구,곱하기 7,2,LPSC04
MPID0204130020792,mathpd29262528577203570,2021-08-18,E19_0_2,곱셈,곱셈구구,7의 단 곱셈구구,곱하기 7,1,LPSC04
MPID0319100032029,mathpd30476221574766079,2021-09-01,E19_0_2,곱셈,곱셈구구,7의 단 곱셈구구,곱하기 7,1,LPSC03
MPID0129050016615,mathpd28569478420063436,2021-08-10,E19_0_2,곱셈,곱셈구구,7의 단 곱셈구구,곱하기 7,1,LPSC04
MPID0126020013529,mathpd29159937089166181,2021-08-17,E19_0_2,곱셈,곱셈구구,7의 단 곱셈구구,곱하기 7,1,LPSC03
MPID0129050016470,mathpd31967335074938004,2021-09-18,E19_0_2,곱셈,곱셈구구,7의 단 곱셈구구,곱하기 7,1,LPSC03
MPID0629110045551,mathpd29208694732915029,2021-08-17,E19_0_2,곱셈,곱셈구구,7의 단 곱셈구구,곱하기 7,1,LPSC04
MPID0120060011395,mathpd26817343913194698,2021-07-21,E19_0_2,곱셈,곱셈구구,7의 단 곱셈구구,곱하기 7,1,LPSC04
MPID0204130020792,mathpd29263375996311345,2021-08-18,E19_0_2,곱셈,곱셈구구,7의 단 곱셈구구,곱하기 7,2,LPSC04
MPID0729130050003,mathpd29440310426650004,2021-08-20,E19_0_2,곱셈,곱셈구구,7의 단 곱셈구구,곱하기 7,1,LPSC04
MPID0120050010343,mathpd27621812010157321,2021-07-30,E19_0_2,곱셈,곱셈구구,7의 단 곱셈구구,곱하기 7,1,LPSC04
MPID0729130048717,mathpd28140213144518020,2021-08-05,E19_0_2,곱셈,곱셈구구,7의 단 곱셈구구,곱하기 7,1,LPSC03
MPID0330100033689,mathpd29882596785957149,2021-08-25,E19_0_2,곱셈,곱셈구구,7의 단 곱셈구구,곱하기 7,1,LPSC03
MPID0204130019760,mathpd29075052718065499,2021-08-16,E19_0_2,곱셈,곱셈구구,7의 단 곱셈구구,곱하기 7,1,LPSC03
MPID0727100048264,mathpd27627699088679152,2021-07-30,E19_0_2,곱셈,곱셈구구,7의 단 곱셈구구,곱하기 7,1,LPSC03
MPID0713100047089,mathpd27784894835976574,2021-08-01,E19_0_2,곱셈,곱셈구구,7의 단 곱셈구구,곱하기 7,1,LPSC04
MPID0203100018443,mathpd30381617629287084,2021-08-31,E19_0_2,곱셈,곱셈구구,7의 단 곱셈구구,곱하기 7,1,LPSC03
MPID0222100025417,mathpd28751831386455663,2021-08-12,E19_0_2,곱셈,곱셈구구,7의 단 곱셈구구,곱하기 7,1,LPSC04
MPID0330100033152,mathpd27641861100048455,2021-07-30,E19_0_2,곱셈,곱셈구구,7의 단 곱셈구구,곱하기 7,1,LPSC04
MPID0406110034324,mathpd31186276617164448,2021-09-09,E19_0_2,곱셈,곱셈구구,7의 단 곱셈구구,곱하기 7,1,LPSC04
MPID0225100025733,mathpd29678892752712994,2021-08-23,E20_0_1,곱셈,곱셈구구,8의 단 곱셈구구,곱하기 8,1,LPSC04
MPID0204130020792,mathpd29262588844080902,2021-08-18,E20_0_1,곱셈,곱셈구구,8의 단 곱셈구구,곱하기 8,1,LPSC03
MPID0120060009320,mathpd28306738889145542,2021-08-07,E20_0_1,곱셈,곱셈구구,8의 단 곱셈구구,곱하기 8,1,LPSC04
MPID0330100033689,mathpd29977007214411816,2021-08-26,E20_0_1,곱셈,곱셈구구,8의 단 곱셈구구,곱하기 8,1,LPSC03
MPID0406110033988,mathpd27043776162095772,2021-07-23,E20_0_1,곱셈,곱셈구구,8의 단 곱셈구구,곱하기 8,1,LPSC03
MPID0406110034324,mathpd31269044719466520,2021-09-10,E20_0_1,곱셈,곱셈구구,8의 단 곱셈구구,곱하기 8,2,LPSC02
MPID0129050016615,mathpd28569591594361185,2021-08-10,E20_0_1,곱셈,곱셈구구,8의 단 곱셈구구,곱하기 8,1,LPSC03
MPID0330100032185,mathpd27372229618095222,2021-07-27,E20_0_1,곱셈,곱셈구구,8의 단 곱셈구구,곱하기 8,1,LPSC03
MPID0120060009320,mathpd28564621640435929,2021-08-10,E20_0_1,곱셈,곱셈구구,8의 단 곱셈구구,곱하기 8,1,LPSC04
MPID0319100030328,mathpd27603241120123802,2021-07-30,E20_0_1,곱셈,곱셈구구,8의 단 곱셈구구,곱하기 8,1,LPSC04
MPID0129050016470,mathpd32304623816302396,2021-09-22,E20_0_1,곱셈,곱셈구구,8의 단 곱셈구구,곱하기 8,1,LPSC03
MPID0126030014090,mathpd29266529755172909,2021-08-18,E20_0_1,곱셈,곱셈구구,8의 단 곱셈구구,곱하기 8,1,LPSC03
MPID0126030014090,mathpd29266610639274532,2021-08-18,E20_0_1,곱셈,곱셈구구,8의 단 곱셈구구,곱하기 8,2,LPSC04
MPID0629110045635,mathpd29361691014527738,2021-08-19,E20_0_1,곱셈,곱셈구구,8의 단 곱셈구구,곱하기 8,2,LPSC02
MPID0204130019760,mathpd29166124076021176,2021-08-17,E20_0_1,곱셈,곱셈구구,8의 단 곱셈구구,곱하기 8,1,LPSC02
MPID0126020013529,mathpd29160051995864067,2021-08-17,E20_0_1,곱셈,곱셈구구,8의 단 곱셈구구,곱하기 8,1,LPSC03
MPID0629110045551,mathpd29208774962160018,2021-08-17,E20_0_1,곱셈,곱셈구구,8의 단 곱셈구구,곱하기 8,1,LPSC04
MPID0120060011959,mathpd27790323962474573,2021-08-01,E20_0_1,곱셈,곱셈구구,8의 단 곱셈구구,곱하기 8,1,LPSC04
MPID0120060011395,mathpd26817511960642804,2021-07-21,E20_0_1,곱셈,곱셈구구,8의 단 곱셈구구,곱하기 8,3,LPSC04
MPID0420140036805,mathpd31927000104229416,2021-09-18,E20_0_1,곱셈,곱셈구구,8의 단 곱셈구구,곱하기 8,1,LPSC03
MPID0729130050003,mathpd29440375581903149,2021-08-20,E20_0_1,곱셈,곱셈구구,8의 단 곱셈구구,곱하기 8,1,LPSC03
MPID0222100025417,mathpd28751942025990158,2021-08-12,E20_0_1,곱셈,곱셈구구,8의 단 곱셈구구,곱하기 8,1,LPSC03
MPID0222100025417,mathpd28752028127915087,2021-08-12,E20_0_1,곱셈,곱셈구구,8의 단 곱셈구구,곱하기 8,2,LPSC04
MPID0729130048717,mathpd28140293313089443,2021-08-05,E20_0_1,곱셈,곱셈구구,8의 단 곱셈구구,곱하기 8,1,LPSC04
MPID0713100047089,mathpd32365828886862920,2021-09-23,E20_0_1,곱셈,곱셈구구,8의 단 곱셈구구,곱하기 8,1,LPSC04
MPID0727100048264,mathpd27627807300135074,2021-07-30,E20_0_1,곱셈,곱셈구구,8의 단 곱셈구구,곱하기 8,2,LPSC03
MPID0330100033152,mathpd27642160933031112,2021-07-30,E20_0_1,곱셈,곱셈구구,8의 단 곱셈구구,곱하기 8,1,LPSC03
MPID0120050010343,mathpd27621896289654688,2021-07-30,E20_0_1,곱셈,곱셈구구,8의 단 곱셈구구,곱하기 8,1,LPSC03
MPID0902170062271,mathpd33131631832930058,2021-10-02,E20_0_1,곱셈,곱셈구구,8의 단 곱셈구구,곱하기 8,1,LPSC04
MPID0319100032029,mathpd30548218089457235,2021-09-02,E20_0_1,곱셈,곱셈구구,8의 단 곱셈구구,곱하기 8,1,LPSC03
MPID0119040005879,mathpd31864748925111132,2021-09-17,E20_0_1,곱셈,곱셈구구,8의 단 곱셈구구,곱하기 8,1,LPSC03
MPID0203100018443,mathpd30381805537378216,2021-08-31,E20_0_1,곱셈,곱셈구구,8의 단 곱셈구구,곱하기 8,1,LPSC03
MPID0330100032185,mathpd27372438759261905,2021-07-27,E20_0_2,곱셈,곱셈구구,9의 단 곱셈구구,곱하기 9,1,LPSC04
MPID0126030014090,mathpd29266742207540151,2021-08-18,E20_0_2,곱셈,곱셈구구,9의 단 곱셈구구,곱하기 9,1,LPSC04
MPID0120060009320,mathpd28306815040758082,2021-08-07,E20_0_2,곱셈,곱셈구구,9의 단 곱셈구구,곱하기 9,1,LPSC04
MPID0330100033689,mathpd29977143573821529,2021-08-26,E20_0_2,곱셈,곱셈구구,9의 단 곱셈구구,곱하기 9,1,LPSC03
MPID0406110033988,mathpd27043867183386709,2021-07-23,E20_0_2,곱셈,곱셈구구,9의 단 곱셈구구,곱하기 9,1,LPSC02
MPID0204130020792,mathpd29262683031051226,2021-08-18,E20_0_2,곱셈,곱셈구구,9의 단 곱셈구구,곱하기 9,2,LPSC02
MPID0713100047089,mathpd27911248452123210,2021-08-02,E20_0_2,곱셈,곱셈구구,9의 단 곱셈구구,곱하기 9,2,LPSC03
MPID0129050016615,mathpd28569681052894412,2021-08-10,E20_0_2,곱셈,곱셈구구,9의 단 곱셈구구,곱하기 9,1,LPSC04
MPID0120060009320,mathpd28564685214660963,2021-08-10,E20_0_2,곱셈,곱셈구구,9의 단 곱셈구구,곱하기 9,1,LPSC04
MPID0319100030328,mathpd27603400054927159,2021-07-30,E20_0_2,곱셈,곱셈구구,9의 단 곱셈구구,곱하기 9,1,LPSC03
MPID0330100033689,mathpd29256240870294557,2021-08-18,E20_0_2,곱셈,곱셈구구,9의 단 곱셈구구,곱하기 9,6,LPSC03
MPID0126020013529,mathpd29160159363562073,2021-08-17,E20_0_2,곱셈,곱셈구구,9의 단 곱셈구구,곱하기 9,1,LPSC04
MPID0204130019760,mathpd29254697278426106,2021-08-18,E20_0_2,곱셈,곱셈구구,9의 단 곱셈구구,곱하기 9,1,LPSC02
MPID0120060011959,mathpd27790414132647731,2021-08-01,E20_0_2,곱셈,곱셈구구,9의 단 곱셈구구,곱하기 9,1,LPSC03
MPID0629110045551,mathpd29208894866826105,2021-08-17,E20_0_2,곱셈,곱셈구구,9의 단 곱셈구구,곱하기 9,2,LPSC03
MPID0420140036805,mathpd31927244819471343,2021-09-18,E20_0_2,곱셈,곱셈구구,9의 단 곱셈구구,곱하기 9,1,LPSC03
MPID0204130020792,mathpd29263496962069850,2021-08-18,E20_0_2,곱셈,곱셈구구,9의 단 곱셈구구,곱하기 9,3,LPSC03
MPID0729130050003,mathpd29440460305065722,2021-08-20,E20_0_2,곱셈,곱셈구구,9의 단 곱셈구구,곱하기 9,1,LPSC03
MPID0222100025417,mathpd28752108219674098,2021-08-12,E20_0_2,곱셈,곱셈구구,9의 단 곱셈구구,곱하기 9,1,LPSC03
MPID0222100025417,mathpd28752173627309396,2021-08-12,E20_0_2,곱셈,곱셈구구,9의 단 곱셈구구,곱하기 9,2,LPSC04
MPID0225100025733,mathpd29872782608326752,2021-08-25,E20_0_2,곱셈,곱셈구구,9의 단 곱셈구구,곱하기 9,1,LPSC03
MPID0729130048717,mathpd28140387975821888,2021-08-05,E20_0_2,곱셈,곱셈구구,9의 단 곱셈구구,곱하기 9,1,LPSC03
MPID0129050016470,mathpd31953187593445097,2021-09-18,E20_0_2,곱셈,곱셈구구,9의 단 곱셈구구,곱하기 9,1,LPSC04
MPID0727100048264,mathpd27627903240018638,2021-07-30,E20_0_2,곱셈,곱셈구구,9의 단 곱셈구구,곱하기 9,1,LPSC02
MPID0129050016470,mathpd33525779004394936,2021-10-06,E20_0_2,곱셈,곱셈구구,9의 단 곱셈구구,곱하기 9,1,LPSC03
MPID0330100033152,mathpd27642435218260726,2021-07-30,E20_0_2,곱셈,곱셈구구,9의 단 곱셈구구,곱하기 9,6,LPSC02
MPID0406110034324,mathpd31533967688144833,2021-09-13,E20_0_2,곱셈,곱셈구구,9의 단 곱셈구구,곱하기 9,1,LPSC03
MPID0629110045635,mathpd29809515935713997,2021-08-24,E20_0_2,곱셈,곱셈구구,9의 단 곱셈구구,곱하기 9,2,LPSC03
MPID0120050010343,mathpd27621977845716079,2021-07-30,E20_0_2,곱셈,곱셈구구,9의 단 곱셈구구,곱하기 9,1,LPSC02
MPID0120050010343,mathpd27622043277052150,2021-07-30,E20_0_2,곱셈,곱셈구구,9의 단 곱셈구구,곱하기 9,2,LPSC03
MPID0902170062271,mathpd33131832970127464,2021-10-02,E20_0_2,곱셈,곱셈구구,9의 단 곱셈구구,곱하기 9,2,LPSC04
MPID0119040005879,mathpd32471993460269582,2021-09-24,E20_0_2,곱셈,곱셈구구,9의 단 곱셈구구,곱하기 9,1,LPSC03
MPID0319100032029,mathpd30548440065943423,2021-09-02,E20_0_2,곱셈,곱셈구구,9의 단 곱셈구구,곱하기 9,1,LPSC03
MPID0203100018443,mathpd30381984897789646,2021-08-31,E20_0_2,곱셈,곱셈구구,9의 단 곱셈구구,곱하기 9,1,LPSC02
MPID0120060011395,mathpd26818351354548813,2021-07-21,E20_0_2,곱셈,곱셈구구,9의 단 곱셈구구,곱하기 9,4,LPSC04
MPID0120060011959,mathpd28500398652414182,2021-08-09,F02_0_1,나눗셈,나눗셈 알아보기,나눗셈(1),나눗셈식의 이해,1,LPSC04
MPID0729130050003,mathpd29584472916106629,2021-08-22,F02_0_1,나눗셈,나눗셈 알아보기,나눗셈(1),나눗셈식의 이해,1,LPSC03
MPID0120060009320,mathpd28307995065954482,2021-08-07,F02_0_1,나눗셈,나눗셈 알아보기,나눗셈(1),나눗셈식의 이해,1,LPSC04
MPID0420140036805,mathpd32182295575485127,2021-09-21,F02_0_1,나눗셈,나눗셈 알아보기,나눗셈(1),나눗셈식의 이해,1,LPSC04
MPID0713100047089,mathpd31608634737315379,2021-09-14,F02_0_1,나눗셈,나눗셈 알아보기,나눗셈(1),나눗셈식의 이해,1,LPSC03
MPID0902170062271,mathpd31436562040851550,2021-09-12,F02_0_1,나눗셈,나눗셈 알아보기,나눗셈(1),나눗셈식의 이해,1,LPSC04
MPID0330100033689,mathpd31624506352786315,2021-09-14,F02_0_1,나눗셈,나눗셈 알아보기,나눗셈(1),나눗셈식의 이해,1,LPSC04
MPID0204130020792,mathpd27555510296573577,2021-07-29,F02_0_1,나눗셈,나눗셈 알아보기,나눗셈(1),나눗셈식의 이해,8,LPSC04
MPID0204130020792,mathpd27555612683452440,2021-07-29,F02_0_1,나눗셈,나눗셈 알아보기,나눗셈(1),나눗셈식의 이해,9,LPSC04
MPID0204130020792,mathpd27554745589224523,2021-07-29,F02_0_1,나눗셈,나눗셈 알아보기,나눗셈(1),나눗셈식의 이해,5,LPSC04
MPID0204130020792,mathpd27554833876654486,2021-07-29,F02_0_1,나눗셈,나눗셈 알아보기,나눗셈(1),나눗셈식의 이해,6,LPSC04
MPID0204130020792,mathpd27554915421514222,2021-07-29,F02_0_1,나눗셈,나눗셈 알아보기,나눗셈(1),나눗셈식의 이해,7,LPSC04
MPID0120060009320,mathpd28394501052756981,2021-08-08,F02_0_1,나눗셈,나눗셈 알아보기,나눗셈(1),나눗셈식의 이해,1,LPSC04
MPID0319100032029,mathpd31762686375972600,2021-09-16,F02_0_1,나눗셈,나눗셈 알아보기,나눗셈(1),나눗셈식의 이해,1,LPSC04
MPID0204130020792,mathpd28732703219697411,2021-08-12,F02_0_1,나눗셈,나눗셈 알아보기,나눗셈(1),나눗셈식의 이해,10,LPSC04
MPID0126030014090,mathpd29347708564481362,2021-08-19,F02_0_1,나눗셈,나눗셈 알아보기,나눗셈(1),나눗셈식의 이해,1,LPSC03
MPID0126030014090,mathpd29347785214102192,2021-08-19,F02_0_1,나눗셈,나눗셈 알아보기,나눗셈(1),나눗셈식의 이해,2,LPSC04
MPID0129050016615,mathpd27970516586104059,2021-08-03,F02_0_1,나눗셈,나눗셈 알아보기,나눗셈(1),나눗셈식의 이해,1,LPSC03
MPID0629110045635,mathpd32748083743436054,2021-09-27,F02_0_1,나눗셈,나눗셈 알아보기,나눗셈(1),나눗셈식의 이해,1,LPSC04
MPID0119040005879,mathpd34017583270914915,2021-10-12,F02_0_1,나눗셈,나눗셈 알아보기,나눗셈(1),나눗셈식의 이해,1,LPSC04
MPID0203100018443,mathpd31573697636514324,2021-09-14,F02_0_1,나눗셈,나눗셈 알아보기,나눗셈(1),나눗셈식의 이해,2,LPSC04
MPID0729130048717,mathpd32200937416154065,2021-09-21,F02_0_1,나눗셈,나눗셈 알아보기,나눗셈(1),나눗셈식의 이해,2,LPSC03
MPID0120060011959,mathpd26776348688736428,2021-07-20,F02_0_1,나눗셈,나눗셈 알아보기,나눗셈(1),나눗셈식의 이해,1,LPSC03
MPID0727100048264,mathpd27628779452784893,2021-07-30,F02_0_1,나눗셈,나눗셈 알아보기,나눗셈(1),나눗셈식의 이해,2,LPSC03
MPID0129050016470,mathpd32738542873484930,2021-09-27,F02_0_1,나눗셈,나눗셈 알아보기,나눗셈(1),나눗셈식의 이해,1,LPSC04
MPID0129050016615,mathpd28834789197038852,2021-08-13,F02_0_1,나눗셈,나눗셈 알아보기,나눗셈(1),나눗셈식의 이해,1,LPSC03
MPID0204130019760,mathpd29898053610136231,2021-08-25,F02_0_1,나눗셈,나눗셈 알아보기,나눗셈(1),나눗셈식의 이해,1,LPSC03
MPID0629110045551,mathpd32401976562967080,2021-09-23,F02_0_1,나눗셈,나눗셈 알아보기,나눗셈(1),나눗셈식의 이해,1,LPSC03
MPID0330100033689,mathpd29892058833883768,2021-08-25,F02_0_1,나눗셈,나눗셈 알아보기,나눗셈(1),나눗셈식의 이해,1,LPSC03
MPID0406110034324,mathpd33522492140563884,2021-10-06,F02_0_1,나눗셈,나눗셈 알아보기,나눗셈(1),나눗셈식의 이해,2,LPSC04
MPID0204130020792,mathpd28760864079807094,2021-08-12,F02_0_1,나눗셈,나눗셈 알아보기,나눗셈(1),나눗셈식의 이해,13,LPSC04
MPID0204130020792,mathpd28753498587192340,2021-08-12,F02_0_1,나눗셈,나눗셈 알아보기,나눗셈(1),나눗셈식의 이해,12,LPSC04
MPID0120060011395,mathpd28766484640354819,2021-08-12,F02_0_1,나눗셈,나눗셈 알아보기,나눗셈(1),나눗셈식의 이해,1,LPSC04
MPID0225100025733,mathpd32049436473990680,2021-09-19,F02_0_1,나눗셈,나눗셈 알아보기,나눗셈(1),나눗셈식의 이해,1,LPSC04
MPID0330100033152,mathpd30736234066538939,2021-09-04,F02_0_1,나눗셈,나눗셈 알아보기,나눗셈(1),나눗셈식의 이해,2,LPSC04
MPID0420140036945,mathpd32829043219386305,2021-09-28,F02_0_1,나눗셈,나눗셈 알아보기,나눗셈(1),나눗셈식의 이해,1,LPSC04
MPID0204130020792,mathpd27204244447897910,2021-07-25,F02_0_1,나눗셈,나눗셈 알아보기,나눗셈(1),나눗셈식의 이해,2,LPSC04
MPID0406110034324,mathpd33605968680162077,2021-10-07,F03_0_1,나눗셈,나눗셈 알아보기,나눗셈(2),곱셈구구로 몫 구하기②,2,LPSC03
MPID0727100048264,mathpd27691913358431654,2021-07-31,F03_0_1,나눗셈,나눗셈 알아보기,나눗셈(2),곱셈구구로 몫 구하기②,1,LPSC02
MPID0120060011959,mathpd28500502987739725,2021-08-09,F03_0_1,나눗셈,나눗셈 알아보기,나눗셈(2),곱셈구구로 몫 구하기②,1,LPSC03
MPID0629110045551,mathpd34288308779038716,2021-10-15,F03_0_1,나눗셈,나눗셈 알아보기,나눗셈(2),곱셈구구로 몫 구하기②,2,LPSC03
MPID0120060009320,mathpd28308103657384067,2021-08-07,F03_0_1,나눗셈,나눗셈 알아보기,나눗셈(2),곱셈구구로 몫 구하기②,1,LPSC03
MPID0729130050003,mathpd29584544034084985,2021-08-22,F03_0_1,나눗셈,나눗셈 알아보기,나눗셈(2),곱셈구구로 몫 구하기②,1,LPSC04
MPID0420140036805,mathpd32182376805672975,2021-09-21,F03_0_1,나눗셈,나눗셈 알아보기,나눗셈(2),곱셈구구로 몫 구하기②,1,LPSC03
MPID0713100047089,mathpd31608705638353303,2021-09-14,F03_0_1,나눗셈,나눗셈 알아보기,나눗셈(2),곱셈구구로 몫 구하기②,1,LPSC03
MPID0629110045635,mathpd32828794100836064,2021-09-28,F03_0_1,나눗셈,나눗셈 알아보기,나눗셈(2),곱셈구구로 몫 구하기②,1,LPSC02
MPID0420140036945,mathpd32829112856594919,2021-09-28,F03_0_1,나눗셈,나눗셈 알아보기,나눗셈(2),곱셈구구로 몫 구하기②,1,LPSC03
MPID0204130019760,mathpd29976512384330598,2021-08-26,F03_0_1,나눗셈,나눗셈 알아보기,나눗셈(2),곱셈구구로 몫 구하기②,1,LPSC02
MPID0902170062271,mathpd31436733977114160,2021-09-12,F03_0_1,나눗셈,나눗셈 알아보기,나눗셈(2),곱셈구구로 몫 구하기②,1,LPSC02
MPID0129050016615,mathpd27368600949842287,2021-07-27,F03_0_1,나눗셈,나눗셈 알아보기,나눗셈(2),곱셈구구로 몫 구하기②,1,LPSC04
MPID0203100018443,mathpd31658628787657668,2021-09-15,F03_0_1,나눗셈,나눗셈 알아보기,나눗셈(2),곱셈구구로 몫 구하기②,1,LPSC02
MPID0330100033152,mathpd30934134614518428,2021-09-06,F03_0_1,나눗셈,나눗셈 알아보기,나눗셈(2),곱셈구구로 몫 구하기②,3,LPSC02
MPID0204130020792,mathpd27555682094545431,2021-07-29,F03_0_1,나눗셈,나눗셈 알아보기,나눗셈(2),곱셈구구로 몫 구하기②,4,LPSC03
MPID0330100033689,mathpd31790961971637837,2021-09-16,F03_0_1,나눗셈,나눗셈 알아보기,나눗셈(2),곱셈구구로 몫 구하기②,2,LPSC03
MPID0319100032029,mathpd31762871749164268,2021-09-16,F03_0_1,나눗셈,나눗셈 알아보기,나눗셈(2),곱셈구구로 몫 구하기②,3,LPSC03
MPID0120060009320,mathpd28394577226049411,2021-08-08,F03_0_1,나눗셈,나눗셈 알아보기,나눗셈(2),곱셈구구로 몫 구하기②,1,LPSC04
MPID0126030014090,mathpd29347864811010983,2021-08-19,F03_0_1,나눗셈,나눗셈 알아보기,나눗셈(2),곱셈구구로 몫 구하기②,1,LPSC04
MPID0330100033689,mathpd33432642100118342,2021-10-05,F03_0_1,나눗셈,나눗셈 알아보기,나눗셈(2),곱셈구구로 몫 구하기②,3,LPSC03
MPID0204130020792,mathpd28732807569349738,2021-08-12,F03_0_1,나눗셈,나눗셈 알아보기,나눗셈(2),곱셈구구로 몫 구하기②,5,LPSC03
MPID0119040005879,mathpd34114516358035201,2021-10-13,F03_0_1,나눗셈,나눗셈 알아보기,나눗셈(2),곱셈구구로 몫 구하기②,1,LPSC03
MPID0120060011959,mathpd26776723198317921,2021-07-20,F03_0_1,나눗셈,나눗셈 알아보기,나눗셈(2),곱셈구구로 몫 구하기②,1,LPSC04
MPID0204130020792,mathpd27204555403295013,2021-07-25,F03_0_1,나눗셈,나눗셈 알아보기,나눗셈(2),곱셈구구로 몫 구하기②,2,LPSC02
MPID0729130048717,mathpd32201045922505446,2021-09-21,F03_0_1,나눗셈,나눗셈 알아보기,나눗셈(2),곱셈구구로 몫 구하기②,1,LPSC03
MPID0129050016615,mathpd28834873981956363,2021-08-13,F03_0_1,나눗셈,나눗셈 알아보기,나눗셈(2),곱셈구구로 몫 구하기②,1,LPSC04
MPID0902170062271,mathpd33557921599872015,2021-10-07,F03_0_1,나눗셈,나눗셈 알아보기,나눗셈(2),곱셈구구로 몫 구하기②,3,LPSC03
MPID0330100033689,mathpd30325270058926233,2021-08-30,F03_0_1,나눗셈,나눗셈 알아보기,나눗셈(2),곱셈구구로 몫 구하기②,1,LPSC02
MPID0129050016470,mathpd33245988830971942,2021-10-03,F03_0_1,나눗셈,나눗셈 알아보기,나눗셈(2),곱셈구구로 몫 구하기②,1,LPSC02
MPID0420140036945,mathpd32913569328639737,2021-09-29,F03_0_1,나눗셈,나눗셈 알아보기,나눗셈(2),곱셈구구로 몫 구하기②,2,LPSC02
MPID0225100025733,mathpd32049535086272340,2021-09-19,F03_0_1,나눗셈,나눗셈 알아보기,나눗셈(2),곱셈구구로 몫 구하기②,1,LPSC03
MPID0120060011395,mathpd28766611411231567,2021-08-12,F03_0_1,나눗셈,나눗셈 알아보기,나눗셈(2),곱셈구구로 몫 구하기②,2,LPSC04
MPID0120060011959,mathpd28500687605071020,2021-08-09,F03_0_2,나눗셈,나눗셈 알아보기,나눗셈(3),곱셈구구 내에서 몫 구하기,1,LPSC04
MPID0629110045551,mathpd34288464918818181,2021-10-15,F03_0_2,나눗셈,나눗셈 알아보기,나눗셈(3),곱셈구구 내에서 몫 구하기,1,LPSC03
MPID0120060009320,mathpd28321940200592085,2021-08-07,F03_0_2,나눗셈,나눗셈 알아보기,나눗셈(3),곱셈구구 내에서 몫 구하기,1,LPSC04
MPID0204130019760,mathpd30060550566882777,2021-08-27,F03_0_2,나눗셈,나눗셈 알아보기,나눗셈(3),곱셈구구 내에서 몫 구하기,1,LPSC03
MPID0729130050003,mathpd29584648762074967,2021-08-22,F03_0_2,나눗셈,나눗셈 알아보기,나눗셈(3),곱셈구구 내에서 몫 구하기,1,LPSC04
MPID0129050016470,mathpd32842623611230180,2021-09-29,F03_0_2,나눗셈,나눗셈 알아보기,나눗셈(3),곱셈구구 내에서 몫 구하기,2,LPSC03
MPID0713100047089,mathpd31608813131501129,2021-09-14,F03_0_2,나눗셈,나눗셈 알아보기,나눗셈(3),곱셈구구 내에서 몫 구하기,1,LPSC04
MPID0330100033152,mathpd31619949972450706,2021-09-14,F03_0_2,나눗셈,나눗셈 알아보기,나눗셈(3),곱셈구구 내에서 몫 구하기,6,LPSC03
MPID0902170062271,mathpd31436971387818420,2021-09-12,F03_0_2,나눗셈,나눗셈 알아보기,나눗셈(3),곱셈구구 내에서 몫 구하기,1,LPSC03
MPID0713100047089,mathpd26863579047209407,2021-07-21,F03_0_2,나눗셈,나눗셈 알아보기,나눗셈(3),곱셈구구 내에서 몫 구하기,1,LPSC03
MPID0203100018443,mathpd31249664481589475,2021-09-10,F03_0_2,나눗셈,나눗셈 알아보기,나눗셈(3),곱셈구구 내에서 몫 구하기,1,LPSC04
MPID0420140036805,mathpd32275011099515498,2021-09-22,F03_0_2,나눗셈,나눗셈 알아보기,나눗셈(3),곱셈구구 내에서 몫 구하기,1,LPSC02
MPID0406110034324,mathpd34042167253993764,2021-10-12,F03_0_2,나눗셈,나눗셈 알아보기,나눗셈(3),곱셈구구 내에서 몫 구하기,2,LPSC03
MPID0119040005879,mathpd34199236072735145,2021-10-14,F03_0_2,나눗셈,나눗셈 알아보기,나눗셈(3),곱셈구구 내에서 몫 구하기,1,LPSC04
MPID0120060009320,mathpd28394674833512571,2021-08-08,F03_0_2,나눗셈,나눗셈 알아보기,나눗셈(3),곱셈구구 내에서 몫 구하기,1,LPSC04
MPID0222100025417,mathpd32313066973816667,2021-09-22,F03_0_2,나눗셈,나눗셈 알아보기,나눗셈(3),곱셈구구 내에서 몫 구하기,1,LPSC04
MPID0126030014090,mathpd29347972761863259,2021-08-19,F03_0_2,나눗셈,나눗셈 알아보기,나눗셈(3),곱셈구구 내에서 몫 구하기,1,LPSC03
MPID0126030014090,mathpd29348021184043781,2021-08-19,F03_0_2,나눗셈,나눗셈 알아보기,나눗셈(3),곱셈구구 내에서 몫 구하기,2,LPSC04
MPID0406110033988,mathpd32554842149672311,2021-09-25,F03_0_2,나눗셈,나눗셈 알아보기,나눗셈(3),곱셈구구 내에서 몫 구하기,1,LPSC02
MPID0204130020792,mathpd27204798774693965,2021-07-25,F03_0_2,나눗셈,나눗셈 알아보기,나눗셈(3),곱셈구구 내에서 몫 구하기,22,LPSC02
MPID0120050010343,mathpd33527979194649440,2021-10-06,F03_0_2,나눗셈,나눗셈 알아보기,나눗셈(3),곱셈구구 내에서 몫 구하기,1,LPSC04
MPID0727100048264,mathpd27988085960392789,2021-08-03,F03_0_2,나눗셈,나눗셈 알아보기,나눗셈(3),곱셈구구 내에서 몫 구하기,4,LPSC03
MPID0129050016615,mathpd27970445219546922,2021-08-03,F03_0_2,나눗셈,나눗셈 알아보기,나눗셈(3),곱셈구구 내에서 몫 구하기,1,LPSC04
MPID0420140036945,mathpd29186200645498292,2021-08-17,F03_0_2,나눗셈,나눗셈 알아보기,나눗셈(3),곱셈구구 내에서 몫 구하기,1,LPSC02
MPID0129050016615,mathpd28835239834457013,2021-08-13,F03_0_2,나눗셈,나눗셈 알아보기,나눗셈(3),곱셈구구 내에서 몫 구하기,3,LPSC04
MPID0319100032029,mathpd32377721204612890,2021-09-23,F03_0_2,나눗셈,나눗셈 알아보기,나눗셈(3),곱셈구구 내에서 몫 구하기,1,LPSC04
MPID0330100033689,mathpd32386408614589275,2021-09-23,F03_0_2,나눗셈,나눗셈 알아보기,나눗셈(3),곱셈구구 내에서 몫 구하기,1,LPSC04
MPID0729130048717,mathpd32206130067431519,2021-09-21,F03_0_2,나눗셈,나눗셈 알아보기,나눗셈(3),곱셈구구 내에서 몫 구하기,2,LPSC03
MPID0225100025733,mathpd32217053376215495,2021-09-21,F03_0_2,나눗셈,나눗셈 알아보기,나눗셈(3),곱셈구구 내에서 몫 구하기,1,LPSC03
MPID0629110045635,mathpd32904335360564214,2021-09-29,F03_0_2,나눗셈,나눗셈 알아보기,나눗셈(3),곱셈구구 내에서 몫 구하기,2,LPSC02
MPID0120060011395,mathpd28766885916712351,2021-08-12,F03_0_2,나눗셈,나눗셈 알아보기,나눗셈(3),곱셈구구 내에서 몫 구하기,3,LPSC04
MPID0120050010343,mathpd27300133913100779,2021-07-26,F03_0_2,나눗셈,나눗셈 알아보기,나눗셈(3),곱셈구구 내에서 몫 구하기,1,LPSC03
MPID0126020013529,mathpd34031667301427388,2021-10-12,F03_0_2,나눗셈,나눗셈 알아보기,나눗셈(3),곱셈구구 내에서 몫 구하기,1,LPSC02
MPID0120060011959,mathpd26776871725658360,2021-07-20,F03_0_2,나눗셈,나눗셈 알아보기,나눗셈(3),곱셈구구 내에서 몫 구하기,1,LPSC03
